{"stats":{"minecraft:picked_up":{"minecraft:stick":1,"minecraft:feather":4,"minecraft:chicken":2,"minecraft:porkchop":1,"minecraft:oak_log":45,"minecraft:diorite":3,"minecraft:raw_copper":9,"minecraft:dirt":25,"alexsmobs:animal_dictionary":1,"minecraft:poppy":3,"minecraft:oak_sapling":1,"minecraft:sugar_cane":4,"minecraft:coal":23,"minecraft:cobblestone":99,"minecraft:egg":3},"minecraft:killed_by":{"minecraft:drowned":1},"minecraft:custom":{"minecraft:time_since_rest":22551,"minecraft:interact_with_furnace":8,"minecraft:sprint_one_cm":60470,"minecraft:damage_taken":405,"minecraft:walk_one_cm":116334,"minecraft:mob_kills":5,"minecraft:drop":9,"minecraft:damage_dealt":390,"minecraft:swim_one_cm":37517,"minecraft:interact_with_crafting_table":7,"minecraft:fly_one_cm":122956,"minecraft:open_chest":1,"minecraft:crouch_one_cm":2672,"minecraft:play_time":45109,"minecraft:deaths":1,"minecraft:sneak_time":1364,"minecraft:walk_under_water_one_cm":1244,"minecraft:jump":705,"minecraft:interact_with_smoker":3,"minecraft:leave_game":4,"minecraft:time_since_death":23420,"minecraft:walk_on_water_one_cm":5084,"minecraft:total_world_time":45109,"minecraft:fall_one_cm":16220},"minecraft:crafted":{"minecraft:cooked_beef":1,"minecraft:oak_planks":156,"minecraft:shield":1,"minecraft:crafting_table":2,"minecraft:stick":12,"minecraft:iron_ingot":2,"minecraft:wooden_pickaxe":1,"minecraft:stone_pickaxe":1,"minecraft:wooden_axe":1,"minecraft:stone_sword":1,"minecraft:torch":16,"minecraft:stone_axe":1,"minecraft:cooked_mutton":1,"minecraft:air":0},"minecraft:used":{"minecraft:cooked_mutton":1,"minecraft:wooden_axe":8,"minecraft:stone_sword":4,"minecraft:oak_planks":6,"minecraft:chicken":2,"minecraft:stone_pickaxe":97,"minecraft:poppy":1,"minecraft:wooden_pickaxe":19,"minecraft:torch":5,"minecraft:stone_axe":38,"minecraft:dirt":13,"minecraft:crafting_table":2,"minecraft:porkchop":1,"alexsmobs:animal_dictionary":6,"minecraft:egg":2,"minecraft:cooked_beef":1},"minecraft:mined":{"minecraft:grass":2,"minecraft:coal_ore":23,"minecraft:grass_block":3,"minecraft:oak_log":39,"minecraft:poppy":2,"minecraft:dirt":16,"minecraft:copper_ore":2,"minecraft:stone":85,"minecraft:sugar_cane":1,"minecraft:oak_leaves":8},"minecraft:killed":{"minecraft:pig":1,"minecraft:chicken":2,"alexsmobs:fly":1,"alexsmobs:seagull":1},"minecraft:dropped":{"minecraft:poppy":1,"minecraft:dirt":1,"minecraft:sugar_cane":1,"minecraft:oak_log":6,"alexsmobs:animal_dictionary":1,"minecraft:feather":3,"minecraft:egg":1}},"DataVersion":3120}