{"stats":{"minecraft:picked_up":{"minecraft:feather":1,"minecraft:chicken":1,"minecraft:poppy":2,"minecraft:dirt":14,"minecraft:egg":1},"minecraft:custom":{"minecraft:time_since_rest":20763,"minecraft:crouch_one_cm":1817,"minecraft:sprint_one_cm":19545,"minecraft:play_time":20763,"minecraft:damage_taken":200,"minecraft:walk_one_cm":12658,"minecraft:sneak_time":1065,"minecraft:walk_under_water_one_cm":177,"minecraft:mob_kills":1,"minecraft:jump":211,"minecraft:damage_dealt":50,"minecraft:leave_game":2,"minecraft:walk_on_water_one_cm":912,"minecraft:time_since_death":20763,"minecraft:total_world_time":20763,"minecraft:swim_one_cm":23635,"minecraft:fall_one_cm":5846,"minecraft:fly_one_cm":44180},"minecraft:used":{"minecraft:dirt":13,"minecraft:chicken":1,"minecraft:poppy":1,"alexsmobs:animal_dictionary":5},"minecraft:killed":{"minecraft:chicken":1},"minecraft:mined":{"minecraft:grass_block":3,"minecraft:poppy":2,"minecraft:dirt":11}},"DataVersion":3120}