{"stats":{"minecraft:picked_up":{"minecraft:feather":3,"minecraft:chicken":1,"minecraft:porkchop":1,"minecraft:oak_log":10,"minecraft:dirt":14,"alexsmobs:animal_dictionary":1,"minecraft:poppy":3,"minecraft:egg":3},"minecraft:killed_by":{"minecraft:drowned":1},"minecraft:custom":{"minecraft:time_since_rest":6104,"minecraft:sprint_one_cm":48130,"minecraft:damage_taken":405,"minecraft:walk_one_cm":32754,"minecraft:mob_kills":2,"minecraft:drop":8,"minecraft:damage_dealt":170,"minecraft:swim_one_cm":37517,"minecraft:interact_with_crafting_table":1,"minecraft:fly_one_cm":99859,"minecraft:open_chest":1,"minecraft:crouch_one_cm":1843,"minecraft:play_time":28662,"minecraft:deaths":1,"minecraft:sneak_time":1191,"minecraft:walk_under_water_one_cm":745,"minecraft:jump":426,"minecraft:leave_game":3,"minecraft:time_since_death":6973,"minecraft:walk_on_water_one_cm":2525,"minecraft:total_world_time":28662,"minecraft:fall_one_cm":11864},"minecraft:crafted":{"minecraft:oak_planks":16,"minecraft:stick":4,"minecraft:wooden_pickaxe":1,"minecraft:wooden_axe":1},"minecraft:used":{"minecraft:wooden_axe":8,"minecraft:chicken":1,"minecraft:poppy":1,"minecraft:dirt":13,"minecraft:porkchop":1,"alexsmobs:animal_dictionary":6},"minecraft:mined":{"minecraft:grass":1,"minecraft:grass_block":3,"minecraft:oak_log":10,"minecraft:poppy":2,"minecraft:dirt":11},"minecraft:killed":{"minecraft:pig":1,"minecraft:chicken":1},"minecraft:dropped":{"minecraft:poppy":1,"minecraft:dirt":1,"minecraft:oak_log":6,"alexsmobs:animal_dictionary":1,"minecraft:feather":3,"minecraft:egg":1}},"DataVersion":3120}