{"stats":{"minecraft:picked_up":{"minecraft:poppy":1,"minecraft:dirt":13},"minecraft:custom":{"minecraft:jump":173,"minecraft:time_since_rest":10470,"minecraft:damage_dealt":10,"minecraft:damage_taken":120,"minecraft:leave_game":1,"minecraft:time_since_death":10470,"minecraft:crouch_one_cm":1817,"minecraft:play_time":10470,"minecraft:sprint_one_cm":16524,"minecraft:walk_on_water_one_cm":765,"minecraft:walk_one_cm":10168,"minecraft:sneak_time":1065,"minecraft:total_world_time":10470,"minecraft:walk_under_water_one_cm":68,"minecraft:swim_one_cm":9497,"minecraft:fall_one_cm":3907,"minecraft:fly_one_cm":33998},"minecraft:used":{"alexsmobs:animal_dictionary":5,"minecraft:dirt":11},"minecraft:mined":{"minecraft:grass_block":3,"minecraft:poppy":1,"minecraft:dirt":10}},"DataVersion":3120}