{"stats":{"minecraft:picked_up":{"minecraft:crafting_table":7,"minecraft:basalt":4,"minecraft:feather":4,"minecraft:cooked_beef":3,"minecraft:chicken":4,"minecraft:clay_ball":4,"minecraft:andesite":25,"alexsmobs:bison_fur":3,"minecraft:crimson_planks":2,"minecraft:oak_log":17,"ad_astra:sky_stone":11,"minecraft:string":2,"minecraft:dirt":22,"minecraft:raw_copper":29,"minecraft:bone":4,"minecraft:apple":1,"minecraft:wheat_seeds":2,"minecraft:beef":18,"minecraft:oak_boat":1,"minecraft:cobweb":1,"minecraft:spruce_slab":1,"minecraft:coal_block":9,"minecraft:oak_planks":31,"minecraft:egg":2,"minecraft:furnace":3,"minecraft:raw_iron":17,"minecraft:torch":8,"minecraft:porkchop":2,"minecraft:ink_sac":2,"tombstone:grave_dust":6,"minecraft:diorite":41,"minecraft:white_bed":1,"alexsmobs:animal_dictionary":1,"minecraft:purple_terracotta":2,"minecraft:arrow":2,"minecraft:dispenser":2,"minecraft:rotten_flesh":7,"minecraft:oak_sapling":2,"minecraft:rail":15,"minecraft:mutton":3,"minecraft:coal":135,"minecraft:white_wool":3,"minecraft:cobblestone":344},"minecraft:custom":{"minecraft:interact_with_furnace":49,"minecraft:mob_kills":24,"minecraft:interact_with_crafting_table":29,"minecraft:leave_game":1,"minecraft:time_since_death":88860,"minecraft:sleep_in_bed":3,"minecraft:time_since_rest":24819,"minecraft:sprint_one_cm":177282,"minecraft:damage_taken":990,"minecraft:walk_one_cm":166502,"minecraft:damage_blocked_by_shield":210,"minecraft:drop":7,"minecraft:damage_dealt":3090,"minecraft:swim_one_cm":10986,"minecraft:fly_one_cm":169042,"minecraft:open_chest":14,"minecraft:crouch_one_cm":5795,"minecraft:play_time":88860,"tombstone:undead_killed":8,"minecraft:sneak_time":4057,"minecraft:walk_under_water_one_cm":11394,"minecraft:boat_one_cm":267139,"minecraft:jump":1219,"minecraft:walk_on_water_one_cm":18493,"minecraft:interact_with_smoker":2,"minecraft:total_world_time":88860,"minecraft:fall_one_cm":23994,"minecraft:inspect_dispenser":1},"minecraft:crafted":{"minecraft:cooked_beef":12,"minecraft:oak_planks":68,"minecraft:coal":27,"minecraft:cooked_porkchop":2,"minecraft:crafting_table":1,"minecraft:wooden_pickaxe":1,"minecraft:cooked_chicken":3,"minecraft:furnace":2,"minecraft:stone_axe":1,"minecraft:cooked_mutton":1,"minecraft:air":0,"minecraft:oak_boat":1,"minecraft:shield":1,"minecraft:stick":20,"minecraft:iron_ingot":5,"minecraft:stone_pickaxe":5,"minecraft:chest":2,"minecraft:white_bed":1,"minecraft:torch":24},"minecraft:used":{"minecraft:cooked_mutton":1,"minecraft:diorite":10,"minecraft:stone_pickaxe":546,"minecraft:chest":2,"minecraft:shield":16,"minecraft:wooden_pickaxe":60,"minecraft:cooked_chicken":2,"minecraft:rotten_flesh":1,"minecraft:torch":32,"minecraft:mutton":2,"minecraft:crafting_table":8,"minecraft:white_bed":2,"minecraft:apple":1,"minecraft:chicken":1,"minecraft:stone_axe":72,"minecraft:furnace":5,"minecraft:cooked_porkchop":2,"minecraft:egg":2,"minecraft:oak_boat":1,"alexsmobs:animal_dictionary":3,"minecraft:cooked_beef":9},"minecraft:broken":{"minecraft:stone_pickaxe":4,"minecraft:wooden_pickaxe":1},"minecraft:killed":{"minecraft:pig":1,"alexsmobs:seal":1,"minecraft:spider":2,"minecraft:sheep":3,"minecraft:skeleton":3,"minecraft:zombie":5,"minecraft:chicken":4,"alexsmobs:crow":1,"alexsmobs:bison":2},"minecraft:mined":{"minecraft:spruce_planks":2,"minecraft:white_bed":1,"minecraft:basalt":4,"minecraft:clay":1,"minecraft:crafting_table":7,"minecraft:purple_terracotta":2,"minecraft:grass_block":2,"minecraft:copper_ore":8,"minecraft:coal_block":9,"minecraft:tall_grass":1,"minecraft:oak_planks":2,"minecraft:diorite":44,"minecraft:wall_torch":6,"minecraft:furnace":4,"minecraft:iron_ore":17,"minecraft:andesite":26,"minecraft:grass":4,"minecraft:oak_log":17,"minecraft:coal_ore":68,"minecraft:rail":15,"minecraft:small_amethyst_bud":2,"minecraft:dirt":26,"minecraft:crimson_planks":2,"minecraft:dispenser":1,"minecraft:stone":361,"ad_astra:sky_stone":13,"minecraft:spruce_slab":1,"minecraft:oak_leaves":7},"minecraft:dropped":{"minecraft:iron_nugget":1,"minecraft:cooked_beef":1,"alexsmobs:animal_dictionary":1,"minecraft:rotten_flesh":4,"minecraft:cobweb":1,"minecraft:dispenser":1,"minecraft:string":1}},"DataVersion":3120}