{"stats":{"minecraft:picked_up":{"minecraft:feather":1,"minecraft:chicken":1,"minecraft:wheat_seeds":2,"minecraft:porkchop":2,"minecraft:oak_log":8,"minecraft:dirt":8,"minecraft:mutton":2,"minecraft:white_wool":1,"alexsmobs:animal_dictionary":1},"minecraft:custom":{"minecraft:time_since_rest":5753,"minecraft:crouch_one_cm":529,"minecraft:play_time":5753,"minecraft:sprint_one_cm":22093,"minecraft:damage_taken":130,"minecraft:walk_one_cm":14679,"minecraft:sneak_time":585,"minecraft:mob_kills":3,"minecraft:drop":1,"minecraft:jump":128,"minecraft:damage_dealt":229,"minecraft:walk_on_water_one_cm":278,"minecraft:time_since_death":5753,"minecraft:total_world_time":5753,"minecraft:interact_with_crafting_table":1,"minecraft:fall_one_cm":3042,"minecraft:fly_one_cm":29767},"minecraft:crafted":{"minecraft:oak_planks":32,"minecraft:stick":4,"minecraft:wooden_pickaxe":1},"minecraft:used":{"minecraft:mutton":2,"minecraft:chicken":1,"alexsmobs:animal_dictionary":2,"minecraft:wooden_pickaxe":12},"minecraft:killed":{"minecraft:sheep":1,"minecraft:pig":1,"minecraft:chicken":1},"minecraft:mined":{"minecraft:grass":4,"minecraft:grass_block":2,"minecraft:oak_log":8,"minecraft:dirt":8,"minecraft:tall_grass":1,"minecraft:stone":1,"minecraft:oak_leaves":1},"minecraft:dropped":{"alexsmobs:animal_dictionary":1}},"DataVersion":3120}