{"stats":{"minecraft:picked_up":{"minecraft:crafting_table":1,"minecraft:raw_iron":2,"minecraft:feather":3,"minecraft:chicken":4,"minecraft:porkchop":2,"minecraft:oak_log":17,"alexsmobs:animal_dictionary":1,"minecraft:dirt":10,"minecraft:rotten_flesh":3,"minecraft:apple":1,"minecraft:wheat_seeds":2,"minecraft:oak_sapling":2,"minecraft:coal":49,"minecraft:mutton":2,"minecraft:oak_planks":27,"minecraft:egg":1,"minecraft:white_wool":1,"minecraft:cobblestone":33,"minecraft:furnace":2},"minecraft:custom":{"minecraft:time_since_rest":17753,"minecraft:interact_with_furnace":17,"minecraft:sprint_one_cm":64517,"minecraft:damage_taken":330,"minecraft:walk_one_cm":45404,"minecraft:mob_kills":9,"minecraft:drop":1,"minecraft:damage_dealt":850,"minecraft:swim_one_cm":701,"minecraft:interact_with_crafting_table":6,"minecraft:fly_one_cm":77567,"minecraft:crouch_one_cm":1025,"minecraft:play_time":17753,"tombstone:undead_killed":2,"minecraft:sneak_time":1072,"minecraft:walk_under_water_one_cm":1244,"minecraft:jump":412,"minecraft:time_since_death":17753,"minecraft:walk_on_water_one_cm":1484,"minecraft:total_world_time":17753,"minecraft:fall_one_cm":10066},"minecraft:crafted":{"minecraft:oak_planks":32,"minecraft:cooked_porkchop":2,"minecraft:stick":8,"minecraft:cooked_chicken":3,"minecraft:wooden_pickaxe":1,"minecraft:stone_pickaxe":1,"minecraft:furnace":1,"minecraft:stone_axe":1,"minecraft:air":0},"minecraft:used":{"minecraft:chicken":1,"minecraft:stone_pickaxe":66,"minecraft:wooden_pickaxe":21,"minecraft:cooked_chicken":2,"minecraft:stone_axe":26,"minecraft:mutton":2,"minecraft:furnace":2,"minecraft:cooked_porkchop":2,"alexsmobs:animal_dictionary":2},"minecraft:mined":{"minecraft:furnace":2,"minecraft:iron_ore":2,"minecraft:crafting_table":1,"minecraft:grass":4,"minecraft:coal_ore":36,"minecraft:grass_block":2,"minecraft:oak_log":17,"minecraft:dirt":8,"minecraft:tall_grass":1,"minecraft:stone":36,"minecraft:oak_leaves":6},"minecraft:killed":{"minecraft:sheep":1,"minecraft:zombie":2,"minecraft:pig":1,"minecraft:chicken":4,"alexsmobs:seal":1},"minecraft:dropped":{"alexsmobs:animal_dictionary":1}},"DataVersion":3120}