{"stats":{"minecraft:picked_up":{"minecraft:crafting_table":5,"minecraft:basalt":4,"minecraft:feather":3,"minecraft:cooked_beef":2,"minecraft:chicken":4,"minecraft:andesite":2,"minecraft:crimson_planks":2,"minecraft:oak_log":17,"ad_astra:sky_stone":11,"minecraft:string":1,"minecraft:dirt":12,"minecraft:apple":1,"minecraft:wheat_seeds":2,"minecraft:beef":3,"minecraft:spruce_slab":1,"minecraft:coal_block":9,"minecraft:oak_planks":29,"minecraft:egg":1,"minecraft:furnace":3,"minecraft:raw_iron":2,"minecraft:torch":8,"minecraft:porkchop":2,"minecraft:ink_sac":2,"tombstone:grave_dust":2,"minecraft:diorite":23,"alexsmobs:animal_dictionary":1,"minecraft:purple_terracotta":2,"minecraft:dispenser":1,"minecraft:rotten_flesh":5,"minecraft:oak_sapling":2,"minecraft:mutton":3,"minecraft:coal":135,"minecraft:white_wool":3,"minecraft:cobblestone":194},"minecraft:custom":{"minecraft:interact_with_furnace":29,"minecraft:mob_kills":15,"minecraft:interact_with_crafting_table":19,"minecraft:leave_game":1,"minecraft:time_since_death":52860,"minecraft:time_since_rest":52860,"minecraft:sprint_one_cm":106545,"minecraft:damage_taken":840,"minecraft:walk_one_cm":92159,"minecraft:damage_blocked_by_shield":40,"minecraft:drop":2,"minecraft:damage_dealt":1839,"minecraft:swim_one_cm":2845,"minecraft:fly_one_cm":127457,"minecraft:open_chest":1,"minecraft:crouch_one_cm":4061,"minecraft:play_time":52860,"tombstone:undead_killed":4,"minecraft:sneak_time":3088,"minecraft:walk_under_water_one_cm":7599,"minecraft:boat_one_cm":179211,"minecraft:jump":884,"minecraft:walk_on_water_one_cm":14333,"minecraft:interact_with_smoker":1,"minecraft:total_world_time":52860,"minecraft:fall_one_cm":18327,"minecraft:inspect_dispenser":1},"minecraft:crafted":{"minecraft:cooked_beef":3,"minecraft:oak_planks":68,"minecraft:coal":27,"minecraft:cooked_porkchop":2,"minecraft:crafting_table":1,"minecraft:wooden_pickaxe":1,"minecraft:cooked_chicken":3,"minecraft:furnace":2,"minecraft:stone_axe":1,"minecraft:air":0,"minecraft:oak_boat":1,"minecraft:shield":1,"minecraft:stick":16,"minecraft:stone_pickaxe":3,"minecraft:torch":24},"minecraft:used":{"minecraft:diorite":10,"minecraft:stone_pickaxe":301,"minecraft:shield":2,"minecraft:wooden_pickaxe":60,"minecraft:cooked_chicken":2,"minecraft:torch":18,"minecraft:mutton":2,"minecraft:crafting_table":5,"minecraft:apple":1,"minecraft:chicken":1,"minecraft:stone_axe":51,"minecraft:furnace":4,"minecraft:cooked_porkchop":2,"minecraft:oak_boat":1,"alexsmobs:animal_dictionary":3,"minecraft:cooked_beef":5},"minecraft:broken":{"minecraft:stone_pickaxe":2,"minecraft:wooden_pickaxe":1},"minecraft:killed":{"minecraft:pig":1,"alexsmobs:seal":1,"minecraft:spider":2,"minecraft:sheep":3,"minecraft:zombie":4,"minecraft:chicken":4},"minecraft:mined":{"minecraft:spruce_planks":2,"minecraft:basalt":4,"minecraft:crafting_table":5,"minecraft:purple_terracotta":2,"minecraft:grass_block":2,"minecraft:coal_block":9,"minecraft:tall_grass":1,"minecraft:oak_planks":2,"minecraft:diorite":26,"minecraft:wall_torch":6,"minecraft:furnace":3,"minecraft:iron_ore":2,"minecraft:andesite":3,"minecraft:grass":4,"minecraft:oak_log":17,"minecraft:coal_ore":68,"minecraft:dirt":16,"minecraft:crimson_planks":2,"minecraft:dispenser":1,"minecraft:stone":210,"ad_astra:sky_stone":13,"minecraft:spruce_slab":1,"minecraft:oak_leaves":7},"minecraft:dropped":{"alexsmobs:animal_dictionary":1,"minecraft:string":1}},"DataVersion":3120}