{"stats":{"minecraft:picked_up":{"minecraft:crafting_table":8,"farmersdelight:rice":2,"minecraft:cooked_beef":3,"minecraft:feather":4,"minecraft:basalt":4,"minecraft:chicken":4,"minecraft:clay_ball":4,"minecraft:andesite":71,"alexsmobs:bison_fur":3,"minecraft:enchanted_book":1,"minecraft:flint":3,"minecraft:oak_log":24,"minecraft:crimson_planks":2,"ad_astra:sky_stone":11,"minecraft:lapis_lazuli":81,"minecraft:dirt":49,"minecraft:string":2,"minecraft:raw_copper":42,"minecraft:bone":4,"minecraft:apple":1,"minecraft:kelp":5,"mowziesmobs:foliaath_seed":3,"minecraft:wheat_seeds":3,"minecraft:raw_gold":12,"tombstone:bag_of_seeds":1,"minecraft:beef":18,"minecraft:oak_boat":6,"minecraft:cobweb":1,"minecraft:spruce_slab":1,"minecraft:coal_block":9,"minecraft:oak_planks":31,"minecraft:egg":2,"minecraft:furnace":3,"minecraft:raw_iron":38,"minecraft:copper_ingot":1,"minecraft:torch":34,"minecraft:gravel":63,"minecraft:porkchop":2,"minecraft:carrot":11,"tombstone:grave_dust":6,"minecraft:ink_sac":4,"minecraft:diorite":52,"minecraft:white_bed":2,"minecraft:spider_eye":1,"alexsmobs:animal_dictionary":2,"minecraft:purple_terracotta":2,"minecraft:dispenser":2,"minecraft:arrow":2,"minecraft:rotten_flesh":11,"minecraft:granite":43,"minecraft:oak_sapling":2,"minecraft:mutton":3,"minecraft:coal":153,"minecraft:white_wool":3,"minecraft:rail":15,"minecraft:cobblestone":715},"minecraft:broken":{"minecraft:stone_pickaxe":6,"minecraft:stone_axe":1,"minecraft:iron_pickaxe":1,"minecraft:wooden_pickaxe":1},"minecraft:dropped":{"minecraft:iron_nugget":1,"minecraft:cooked_beef":1,"alexsmobs:animal_dictionary":2,"minecraft:rotten_flesh":7,"minecraft:cobweb":1,"minecraft:dispenser":1,"minecraft:string":1},"minecraft:mined":{"minecraft:spruce_planks":2,"minecraft:white_bed":2,"farmersdelight:wild_carrots":12,"minecraft:basalt":4,"minecraft:clay":1,"minecraft:crafting_table":8,"minecraft:torch":15,"minecraft:granite":43,"minecraft:purple_terracotta":2,"minecraft:grass_block":3,"minecraft:coal_block":9,"minecraft:copper_ore":14,"minecraft:tall_grass":1,"minecraft:cobblestone":10,"minecraft:lapis_ore":12,"minecraft:oak_planks":2,"minecraft:diorite":55,"minecraft:wall_torch":16,"minecraft:furnace":4,"minecraft:iron_ore":38,"minecraft:andesite":72,"minecraft:grass":7,"minecraft:oak_log":25,"minecraft:coal_ore":86,"minecraft:rail":15,"minecraft:small_amethyst_bud":2,"minecraft:gravel":37,"minecraft:dirt":52,"minecraft:crimson_planks":2,"minecraft:dispenser":1,"minecraft:stone":712,"ad_astra:sky_stone":13,"minecraft:gold_ore":12,"minecraft:oak_leaves":7,"minecraft:spruce_slab":1},"minecraft:killed":{"minecraft:pig":1,"alexsmobs:seal":1,"minecraft:spider":3,"alexsmobs:seagull":1,"minecraft:sheep":3,"minecraft:skeleton":3,"minecraft:zombie":9,"minecraft:chicken":4,"alexsmobs:bison":2,"alexsmobs:crow":1},"minecraft:used":{"minecraft:cooked_mutton":3,"minecraft:diorite":10,"minecraft:stone_pickaxe":871,"minecraft:wooden_pickaxe":60,"minecraft:chest":2,"minecraft:shield":25,"minecraft:cooked_chicken":2,"minecraft:rotten_flesh":1,"minecraft:torch":85,"minecraft:dirt":2,"minecraft:mutton":2,"minecraft:crafting_table":9,"minecraft:carrot":2,"minecraft:white_bed":2,"tombstone:bag_of_seeds":1,"minecraft:apple":1,"minecraft:chicken":1,"minecraft:iron_pickaxe":251,"minecraft:gravel":18,"minecraft:cobblestone":71,"minecraft:stone_axe":134,"minecraft:furnace":5,"minecraft:cooked_porkchop":2,"tombstone:gift":2,"alexsmobs:animal_dictionary":4,"minecraft:egg":2,"minecraft:oak_boat":6,"minecraft:cooked_beef":12},"minecraft:custom":{"minecraft:interact_with_furnace":64,"minecraft:mob_kills":31,"minecraft:interact_with_crafting_table":40,"minecraft:leave_game":2,"minecraft:time_since_death":146788,"minecraft:sleep_in_bed":6,"minecraft:time_since_rest":8486,"minecraft:sprint_one_cm":238471,"minecraft:damage_taken":1508,"minecraft:walk_one_cm":249600,"minecraft:damage_blocked_by_shield":435,"minecraft:drop":9,"minecraft:damage_dealt":4552,"minecraft:swim_one_cm":57009,"minecraft:fly_one_cm":226799,"minecraft:open_chest":47,"minecraft:play_time":146788,"minecraft:crouch_one_cm":8834,"minecraft:sneak_time":6252,"tombstone:undead_killed":12,"minecraft:walk_under_water_one_cm":33127,"minecraft:boat_one_cm":575901,"minecraft:jump":1727,"minecraft:walk_on_water_one_cm":29153,"minecraft:total_world_time":146788,"minecraft:interact_with_smoker":7,"minecraft:inspect_dispenser":1,"minecraft:fall_one_cm":29915},"minecraft:crafted":{"minecraft:cooked_beef":12,"minecraft:oak_planks":76,"minecraft:coal":81,"minecraft:cooked_porkchop":2,"minecraft:crafting_table":2,"minecraft:iron_helmet":1,"minecraft:wooden_pickaxe":1,"minecraft:cooked_chicken":3,"minecraft:furnace":2,"minecraft:stone_axe":2,"minecraft:cooked_mutton":4,"minecraft:air":0,"minecraft:oak_boat":1,"minecraft:iron_chestplate":1,"minecraft:iron_boots":1,"minecraft:shield":1,"minecraft:stick":44,"minecraft:iron_ingot":36,"minecraft:iron_pickaxe":1,"minecraft:stone_pickaxe":7,"minecraft:iron_leggings":1,"minecraft:chest":2,"minecraft:white_bed":1,"minecraft:torch":72}},"DataVersion":3120}