{"stats":{"minecraft:picked_up":{"minecraft:crafting_table":7,"minecraft:basalt":4,"minecraft:feather":4,"minecraft:cooked_beef":3,"minecraft:chicken":4,"minecraft:andesite":25,"alexsmobs:bison_fur":3,"minecraft:crimson_planks":2,"minecraft:oak_log":17,"ad_astra:sky_stone":11,"minecraft:string":2,"minecraft:dirt":15,"minecraft:raw_copper":12,"minecraft:apple":1,"minecraft:wheat_seeds":2,"minecraft:beef":18,"minecraft:oak_boat":1,"minecraft:cobweb":1,"minecraft:spruce_slab":1,"minecraft:coal_block":9,"minecraft:oak_planks":31,"minecraft:egg":2,"minecraft:furnace":3,"minecraft:raw_iron":3,"minecraft:torch":8,"minecraft:porkchop":2,"minecraft:ink_sac":2,"tombstone:grave_dust":2,"minecraft:diorite":41,"minecraft:white_bed":1,"alexsmobs:animal_dictionary":1,"minecraft:purple_terracotta":2,"minecraft:dispenser":2,"minecraft:rotten_flesh":5,"minecraft:oak_sapling":2,"minecraft:mutton":3,"minecraft:coal":135,"minecraft:white_wool":3,"minecraft:cobblestone":251},"minecraft:custom":{"minecraft:interact_with_furnace":43,"minecraft:mob_kills":20,"minecraft:interact_with_crafting_table":25,"minecraft:leave_game":1,"minecraft:time_since_death":76860,"minecraft:sleep_in_bed":3,"minecraft:time_since_rest":12819,"minecraft:sprint_one_cm":131293,"minecraft:damage_taken":920,"minecraft:walk_one_cm":130594,"minecraft:damage_blocked_by_shield":140,"minecraft:drop":7,"minecraft:damage_dealt":2539,"minecraft:swim_one_cm":2845,"minecraft:fly_one_cm":166044,"minecraft:open_chest":6,"minecraft:crouch_one_cm":4318,"minecraft:play_time":76860,"tombstone:undead_killed":4,"minecraft:sneak_time":3277,"minecraft:walk_under_water_one_cm":9437,"minecraft:boat_one_cm":267139,"minecraft:jump":1132,"minecraft:walk_on_water_one_cm":15879,"minecraft:interact_with_smoker":1,"minecraft:total_world_time":76860,"minecraft:fall_one_cm":23994,"minecraft:inspect_dispenser":1},"minecraft:crafted":{"minecraft:cooked_beef":12,"minecraft:oak_planks":68,"minecraft:coal":27,"minecraft:cooked_porkchop":2,"minecraft:crafting_table":1,"minecraft:wooden_pickaxe":1,"minecraft:cooked_chicken":3,"minecraft:furnace":2,"minecraft:stone_axe":1,"minecraft:cooked_mutton":1,"minecraft:air":0,"minecraft:oak_boat":1,"minecraft:shield":1,"minecraft:stick":20,"minecraft:stone_pickaxe":5,"minecraft:chest":1,"minecraft:white_bed":1,"minecraft:torch":24},"minecraft:used":{"minecraft:cooked_mutton":1,"minecraft:diorite":10,"minecraft:stone_pickaxe":409,"minecraft:chest":1,"minecraft:shield":14,"minecraft:wooden_pickaxe":60,"minecraft:cooked_chicken":2,"minecraft:rotten_flesh":1,"minecraft:torch":20,"minecraft:mutton":2,"minecraft:crafting_table":8,"minecraft:white_bed":2,"minecraft:apple":1,"minecraft:chicken":1,"minecraft:stone_axe":63,"minecraft:furnace":5,"minecraft:cooked_porkchop":2,"minecraft:egg":2,"minecraft:oak_boat":1,"alexsmobs:animal_dictionary":3,"minecraft:cooked_beef":7},"minecraft:broken":{"minecraft:stone_pickaxe":3,"minecraft:wooden_pickaxe":1},"minecraft:killed":{"minecraft:pig":1,"alexsmobs:seal":1,"minecraft:spider":2,"minecraft:sheep":3,"minecraft:zombie":4,"minecraft:chicken":4,"alexsmobs:crow":1,"alexsmobs:bison":2},"minecraft:mined":{"minecraft:spruce_planks":2,"minecraft:white_bed":1,"minecraft:basalt":4,"minecraft:crafting_table":7,"minecraft:purple_terracotta":2,"minecraft:grass_block":2,"minecraft:copper_ore":4,"minecraft:coal_block":9,"minecraft:tall_grass":1,"minecraft:oak_planks":2,"minecraft:diorite":44,"minecraft:wall_torch":6,"minecraft:furnace":4,"minecraft:iron_ore":3,"minecraft:andesite":26,"minecraft:grass":4,"minecraft:oak_log":17,"minecraft:coal_ore":68,"minecraft:dirt":19,"minecraft:crimson_planks":2,"minecraft:dispenser":1,"minecraft:stone":267,"ad_astra:sky_stone":13,"minecraft:spruce_slab":1,"minecraft:oak_leaves":7},"minecraft:dropped":{"minecraft:iron_nugget":1,"minecraft:cooked_beef":1,"alexsmobs:animal_dictionary":1,"minecraft:rotten_flesh":4,"minecraft:cobweb":1,"minecraft:dispenser":1,"minecraft:string":1}},"DataVersion":3120}