{"stats":{"minecraft:picked_up":{"minecraft:crafting_table":8,"minecraft:cooked_beef":3,"minecraft:feather":4,"minecraft:basalt":4,"minecraft:chicken":4,"minecraft:clay_ball":4,"minecraft:andesite":25,"alexsmobs:bison_fur":3,"minecraft:flint":1,"minecraft:oak_log":24,"minecraft:crimson_planks":2,"ad_astra:sky_stone":11,"minecraft:dirt":22,"minecraft:string":2,"minecraft:raw_copper":37,"minecraft:bone":4,"minecraft:apple":1,"minecraft:kelp":5,"minecraft:wheat_seeds":2,"minecraft:beef":18,"minecraft:oak_boat":4,"minecraft:cobweb":1,"minecraft:spruce_slab":1,"minecraft:coal_block":9,"minecraft:oak_planks":31,"minecraft:egg":2,"minecraft:furnace":3,"minecraft:raw_iron":17,"minecraft:copper_ingot":1,"minecraft:torch":13,"minecraft:gravel":3,"minecraft:porkchop":2,"minecraft:carrot":11,"tombstone:grave_dust":6,"minecraft:ink_sac":4,"minecraft:diorite":41,"minecraft:white_bed":1,"alexsmobs:animal_dictionary":1,"minecraft:purple_terracotta":2,"minecraft:dispenser":2,"minecraft:arrow":2,"minecraft:rotten_flesh":8,"minecraft:oak_sapling":2,"minecraft:mutton":3,"minecraft:coal":153,"minecraft:white_wool":3,"minecraft:rail":15,"minecraft:cobblestone":406},"minecraft:broken":{"minecraft:stone_pickaxe":4,"minecraft:stone_axe":1,"minecraft:wooden_pickaxe":1},"minecraft:dropped":{"minecraft:iron_nugget":1,"minecraft:cooked_beef":1,"alexsmobs:animal_dictionary":1,"minecraft:rotten_flesh":4,"minecraft:cobweb":1,"minecraft:dispenser":1,"minecraft:string":1},"minecraft:mined":{"minecraft:spruce_planks":2,"minecraft:white_bed":1,"farmersdelight:wild_carrots":12,"minecraft:basalt":4,"minecraft:clay":1,"minecraft:crafting_table":8,"minecraft:torch":1,"minecraft:purple_terracotta":2,"minecraft:grass_block":2,"minecraft:coal_block":9,"minecraft:copper_ore":10,"minecraft:tall_grass":1,"minecraft:cobblestone":5,"minecraft:oak_planks":2,"minecraft:diorite":44,"minecraft:wall_torch":10,"minecraft:furnace":4,"minecraft:iron_ore":17,"minecraft:andesite":26,"minecraft:grass":5,"minecraft:oak_log":25,"minecraft:coal_ore":86,"minecraft:rail":15,"minecraft:small_amethyst_bud":2,"minecraft:gravel":4,"minecraft:dirt":26,"minecraft:crimson_planks":2,"minecraft:dispenser":1,"minecraft:stone":406,"ad_astra:sky_stone":13,"minecraft:oak_leaves":7,"minecraft:spruce_slab":1},"minecraft:killed":{"minecraft:pig":1,"alexsmobs:seal":1,"minecraft:spider":2,"minecraft:sheep":3,"minecraft:skeleton":3,"minecraft:zombie":5,"minecraft:chicken":4,"alexsmobs:bison":2,"alexsmobs:crow":1},"minecraft:used":{"minecraft:cooked_mutton":1,"minecraft:diorite":10,"minecraft:stone_pickaxe":624,"minecraft:wooden_pickaxe":60,"minecraft:chest":2,"minecraft:shield":16,"minecraft:cooked_chicken":2,"minecraft:rotten_flesh":1,"minecraft:torch":38,"minecraft:mutton":2,"minecraft:crafting_table":9,"minecraft:carrot":2,"minecraft:white_bed":2,"minecraft:apple":1,"minecraft:chicken":1,"minecraft:gravel":3,"minecraft:cobblestone":58,"minecraft:stone_axe":101,"minecraft:furnace":5,"minecraft:cooked_porkchop":2,"alexsmobs:animal_dictionary":3,"minecraft:egg":2,"minecraft:oak_boat":4,"minecraft:cooked_beef":10},"minecraft:custom":{"minecraft:interact_with_furnace":53,"minecraft:mob_kills":25,"minecraft:interact_with_crafting_table":37,"minecraft:leave_game":2,"minecraft:time_since_death":110788,"minecraft:sleep_in_bed":4,"minecraft:time_since_rest":13213,"minecraft:sprint_one_cm":191126,"minecraft:damage_taken":1260,"minecraft:walk_one_cm":184075,"minecraft:damage_blocked_by_shield":210,"minecraft:drop":7,"minecraft:damage_dealt":3508,"minecraft:swim_one_cm":57009,"minecraft:fly_one_cm":183739,"minecraft:open_chest":24,"minecraft:play_time":110788,"minecraft:crouch_one_cm":6064,"minecraft:sneak_time":4967,"tombstone:undead_killed":8,"minecraft:walk_under_water_one_cm":32976,"minecraft:boat_one_cm":538735,"minecraft:jump":1396,"minecraft:walk_on_water_one_cm":28375,"minecraft:total_world_time":110788,"minecraft:interact_with_smoker":4,"minecraft:inspect_dispenser":1,"minecraft:fall_one_cm":26542},"minecraft:crafted":{"minecraft:cooked_beef":12,"minecraft:oak_planks":76,"minecraft:coal":81,"minecraft:cooked_porkchop":2,"minecraft:crafting_table":2,"minecraft:wooden_pickaxe":1,"minecraft:cooked_chicken":3,"minecraft:furnace":2,"minecraft:stone_axe":2,"minecraft:cooked_mutton":1,"minecraft:air":0,"minecraft:oak_boat":1,"minecraft:shield":1,"minecraft:stick":44,"minecraft:iron_ingot":15,"minecraft:iron_pickaxe":1,"minecraft:stone_pickaxe":6,"minecraft:chest":2,"minecraft:white_bed":1,"minecraft:torch":72}},"DataVersion":3120}