{"stats":{"minecraft:picked_up":{"minecraft:crafting_table":1,"minecraft:raw_iron":2,"minecraft:cooked_beef":2,"minecraft:feather":3,"minecraft:chicken":4,"minecraft:andesite":2,"minecraft:torch":4,"minecraft:porkchop":2,"minecraft:oak_log":17,"minecraft:diorite":23,"alexsmobs:animal_dictionary":1,"minecraft:dirt":12,"minecraft:rotten_flesh":3,"minecraft:apple":1,"minecraft:wheat_seeds":2,"minecraft:beef":3,"minecraft:oak_sapling":2,"minecraft:coal":73,"minecraft:mutton":2,"minecraft:oak_planks":27,"minecraft:egg":1,"minecraft:white_wool":1,"minecraft:cobblestone":189,"minecraft:furnace":2},"minecraft:custom":{"minecraft:time_since_rest":31256,"minecraft:interact_with_furnace":23,"minecraft:sprint_one_cm":65187,"minecraft:damage_taken":370,"minecraft:walk_one_cm":59418,"minecraft:mob_kills":9,"minecraft:drop":1,"minecraft:damage_dealt":850,"minecraft:swim_one_cm":701,"minecraft:interact_with_crafting_table":11,"minecraft:fly_one_cm":77593,"minecraft:crouch_one_cm":1699,"minecraft:play_time":31256,"tombstone:undead_killed":2,"minecraft:sneak_time":1780,"minecraft:walk_under_water_one_cm":1244,"minecraft:jump":464,"minecraft:leave_game":1,"minecraft:time_since_death":31256,"minecraft:walk_on_water_one_cm":1893,"minecraft:interact_with_smoker":1,"minecraft:total_world_time":31256,"minecraft:fall_one_cm":10066},"minecraft:crafted":{"minecraft:oak_planks":68,"minecraft:cooked_porkchop":2,"minecraft:shield":1,"minecraft:stick":12,"minecraft:cooked_chicken":3,"minecraft:wooden_pickaxe":1,"minecraft:stone_pickaxe":2,"minecraft:furnace":1,"minecraft:torch":8,"minecraft:stone_axe":1,"minecraft:air":0},"minecraft:used":{"minecraft:diorite":5,"minecraft:chicken":1,"minecraft:stone_pickaxe":257,"minecraft:wooden_pickaxe":60,"minecraft:cooked_chicken":2,"minecraft:torch":10,"minecraft:stone_axe":26,"minecraft:mutton":2,"minecraft:crafting_table":1,"minecraft:furnace":3,"minecraft:cooked_porkchop":2,"alexsmobs:animal_dictionary":2,"minecraft:cooked_beef":1},"minecraft:broken":{"minecraft:stone_pickaxe":1,"minecraft:wooden_pickaxe":1},"minecraft:mined":{"minecraft:furnace":2,"minecraft:iron_ore":2,"minecraft:andesite":3,"minecraft:crafting_table":1,"minecraft:grass":4,"minecraft:coal_ore":62,"minecraft:grass_block":2,"minecraft:oak_log":17,"minecraft:dirt":16,"minecraft:tall_grass":1,"minecraft:stone":203,"minecraft:wall_torch":3,"minecraft:diorite":26,"minecraft:oak_leaves":6},"minecraft:killed":{"minecraft:sheep":1,"minecraft:zombie":2,"minecraft:pig":1,"minecraft:chicken":4,"alexsmobs:seal":1},"minecraft:dropped":{"alexsmobs:animal_dictionary":1}},"DataVersion":3120}