{"stats":{"minecraft:picked_up":{"minecraft:crafting_table":2,"minecraft:basalt":3,"minecraft:feather":3,"minecraft:cooked_beef":2,"minecraft:chicken":4,"minecraft:andesite":2,"minecraft:oak_log":17,"ad_astra:sky_stone":6,"minecraft:dirt":12,"minecraft:apple":1,"minecraft:wheat_seeds":2,"minecraft:beef":3,"minecraft:coal_block":2,"minecraft:oak_planks":29,"minecraft:egg":1,"minecraft:furnace":2,"minecraft:raw_iron":2,"minecraft:torch":5,"minecraft:porkchop":2,"tombstone:grave_dust":2,"minecraft:diorite":23,"alexsmobs:animal_dictionary":1,"minecraft:rotten_flesh":5,"minecraft:oak_sapling":2,"minecraft:mutton":2,"minecraft:coal":75,"minecraft:white_wool":1,"minecraft:cobblestone":194},"minecraft:custom":{"minecraft:interact_with_furnace":23,"minecraft:mob_kills":10,"minecraft:interact_with_crafting_table":13,"minecraft:leave_game":1,"minecraft:time_since_death":40860,"minecraft:time_since_rest":40860,"minecraft:sprint_one_cm":94409,"minecraft:damage_taken":520,"minecraft:walk_one_cm":79068,"minecraft:drop":1,"minecraft:damage_dealt":1081,"minecraft:swim_one_cm":701,"minecraft:fly_one_cm":114499,"minecraft:open_chest":1,"minecraft:crouch_one_cm":2513,"minecraft:play_time":40860,"tombstone:undead_killed":3,"minecraft:sneak_time":2308,"minecraft:walk_under_water_one_cm":4859,"minecraft:boat_one_cm":15822,"minecraft:jump":758,"minecraft:walk_on_water_one_cm":9530,"minecraft:interact_with_smoker":1,"minecraft:total_world_time":40860,"minecraft:fall_one_cm":15460},"minecraft:crafted":{"minecraft:oak_planks":68,"minecraft:cooked_porkchop":2,"minecraft:crafting_table":1,"minecraft:wooden_pickaxe":1,"minecraft:cooked_chicken":3,"minecraft:furnace":1,"minecraft:stone_axe":1,"minecraft:air":0,"minecraft:shield":1,"minecraft:stick":16,"minecraft:stone_pickaxe":3,"minecraft:torch":24},"minecraft:used":{"minecraft:diorite":5,"minecraft:stone_pickaxe":281,"minecraft:wooden_pickaxe":60,"minecraft:cooked_chicken":2,"minecraft:torch":14,"minecraft:mutton":2,"minecraft:crafting_table":2,"minecraft:chicken":1,"minecraft:stone_axe":32,"minecraft:furnace":3,"minecraft:cooked_porkchop":2,"alexsmobs:animal_dictionary":3,"minecraft:cooked_beef":2},"minecraft:broken":{"minecraft:stone_pickaxe":2,"minecraft:wooden_pickaxe":1},"minecraft:mined":{"minecraft:basalt":4,"minecraft:crafting_table":2,"minecraft:grass_block":2,"minecraft:coal_block":2,"minecraft:tall_grass":1,"minecraft:oak_planks":2,"minecraft:diorite":26,"minecraft:wall_torch":3,"minecraft:furnace":2,"minecraft:iron_ore":2,"minecraft:andesite":3,"minecraft:grass":4,"minecraft:oak_log":17,"minecraft:coal_ore":64,"minecraft:dirt":16,"minecraft:stone":208,"ad_astra:sky_stone":10,"minecraft:oak_leaves":7},"minecraft:killed":{"minecraft:pig":1,"alexsmobs:seal":1,"minecraft:sheep":1,"minecraft:zombie":3,"minecraft:chicken":4},"minecraft:dropped":{"alexsmobs:animal_dictionary":1}},"DataVersion":3120}