{"stats":{"minecraft:picked_up":{"minecraft:crafting_table":5,"minecraft:basalt":3,"minecraft:chicken":1,"minecraft:andesite":54,"minecraft:brown_wool":1,"minecraft:leather":7,"minecraft:oak_log":28,"ad_astra:sky_stone":5,"minecraft:dirt":5,"minecraft:bow":1,"minecraft:cobbled_deepslate":17,"minecraft:beef":8,"minecraft:coal_block":3,"minecraft:chest":1,"minecraft:oak_planks":2,"minecraft:egg":1,"minecraft:furnace":1,"minecraft:stick":2,"minecraft:raw_iron":1,"minecraft:spruce_log":7,"minecraft:granite":15,"minecraft:mutton":14,"minecraft:coal":33,"minecraft:cobblestone":127,"minecraft:white_wool":8},"minecraft:custom":{"minecraft:interact_with_furnace":10,"minecraft:mob_kills":21,"minecraft:interact_with_crafting_table":10,"minecraft:leave_game":3,"minecraft:time_since_death":48577,"minecraft:time_since_rest":48577,"minecraft:sprint_one_cm":33878,"minecraft:damage_taken":325,"minecraft:walk_one_cm":168012,"minecraft:damage_dealt":2360,"minecraft:swim_one_cm":2537,"minecraft:fly_one_cm":19722,"minecraft:open_chest":2,"minecraft:crouch_one_cm":1388,"minecraft:play_time":48577,"tombstone:undead_killed":1,"minecraft:sneak_time":438,"minecraft:walk_under_water_one_cm":1951,"minecraft:boat_one_cm":13817,"minecraft:jump":546,"minecraft:walk_on_water_one_cm":5390,"minecraft:total_world_time":48577,"minecraft:interact_with_smoker":4,"minecraft:fall_one_cm":1372},"minecraft:crafted":{"minecraft:cooked_beef":2,"minecraft:wooden_sword":1,"minecraft:oak_planks":88,"minecraft:crafting_table":2,"minecraft:spruce_planks":28,"minecraft:wooden_pickaxe":1,"minecraft:cooked_chicken":1,"minecraft:furnace":2,"minecraft:stone_axe":1,"minecraft:cooked_mutton":7,"minecraft:air":0,"minecraft:oak_boat":1,"minecraft:shield":1,"minecraft:stick":24,"minecraft:iron_ingot":1,"minecraft:stone_pickaxe":2,"minecraft:wooden_axe":1,"minecraft:stone_sword":1,"minecraft:torch":4,"minecraft:smoker":1},"minecraft:used":{"minecraft:cooked_mutton":1,"minecraft:stone_sword":44,"minecraft:stone_pickaxe":226,"minecraft:oak_planks":9,"minecraft:wooden_pickaxe":20,"minecraft:cooked_chicken":1,"minecraft:torch":4,"minecraft:crafting_table":6,"minecraft:smoker":1,"minecraft:wooden_axe":13,"minecraft:stone_axe":31,"minecraft:furnace":1,"minecraft:oak_boat":1,"alexsmobs:animal_dictionary":3,"minecraft:egg":1,"minecraft:cooked_beef":2},"minecraft:broken":{"minecraft:stone_pickaxe":1},"minecraft:killed":{"alexsmobs:seal":1,"alexsmobs:tasmanian_devil":1,"minecraft:horse":3,"minecraft:skeleton":1,"minecraft:sheep":9,"minecraft:chicken":1,"alexsmobs:crow":1,"minecraft:cow":4},"minecraft:mined":{"minecraft:basalt":3,"minecraft:crafting_table":5,"minecraft:granite":15,"minecraft:chest":1,"minecraft:coal_block":3,"minecraft:tall_grass":1,"minecraft:oak_planks":4,"minecraft:furnace":1,"minecraft:iron_ore":1,"minecraft:spruce_log":7,"minecraft:andesite":53,"minecraft:grass":3,"minecraft:oak_log":28,"minecraft:coal_ore":16,"minecraft:dirt":5,"minecraft:stone":131,"ad_astra:sky_stone":4,"minecraft:oak_leaves":2,"minecraft:deepslate":17}},"DataVersion":3120}