{"stats":{"minecraft:picked_up":{"minecraft:crafting_table":10,"minecraft:chicken":1,"ad_astra:sky_stone":5,"minecraft:string":8,"minecraft:raw_copper":29,"minecraft:cobbled_deepslate":17,"minecraft:spruce_planks":2,"minecraft:beef":21,"minecraft:oak_boat":4,"minecraft:coal_block":22,"minecraft:chest":2,"minecraft:egg":4,"minecraft:furnace":3,"minecraft:stick":2,"minecraft:raw_iron":76,"bygonenether:cobbled_blackstone":1,"minecraft:oak_fence":4,"minecraft:torch":5,"tombstone:grave_dust":1,"minecraft:carrot":13,"minecraft:arrow":2,"minecraft:rotten_flesh":6,"minecraft:mutton":14,"minecraft:cobblestone":411,"minecraft:white_wool":8,"minecraft:rail":2,"minecraft:magma_block":2,"minecraft:basalt":3,"minecraft:andesite":54,"minecraft:leather":13,"minecraft:brown_wool":1,"alexsmobs:bison_fur":1,"minecraft:oak_log":32,"minecraft:lapis_lazuli":7,"minecraft:dirt":66,"minecraft:bone":2,"minecraft:bow":1,"minecraft:raw_gold":11,"minecraft:iron_ingot":2,"minecraft:oak_planks":11,"minecraft:gravel":2,"minecraft:ink_sac":4,"minecraft:blast_furnace":1,"minecraft:white_bed":2,"minecraft:spruce_log":7,"minecraft:granite":16,"minecraft:coal":360},"minecraft:broken":{"minecraft:stone_sword":1,"minecraft:stone_pickaxe":4,"minecraft:shield":1,"minecraft:iron_pickaxe":1},"minecraft:killed_by":{"alexsmobs:bison":1,"minecraft:skeleton":1},"minecraft:dropped":{"minecraft:cobblestone":6,"bygonenether:cobbled_blackstone":1,"minecraft:cooked_mutton":2,"minecraft:oak_boat":2,"minecraft:basalt":3},"minecraft:mined":{"minecraft:white_bed":2,"farmersdelight:wild_carrots":13,"minecraft:granite":30,"minecraft:grass_block":29,"minecraft:coal_block":18,"minecraft:magma_block":2,"minecraft:furnace":2,"minecraft:iron_ore":76,"minecraft:andesite":53,"minecraft:rail":2,"minecraft:stone":446,"ad_astra:sky_stone":4,"minecraft:blackstone":1,"minecraft:basalt":3,"minecraft:crafting_table":10,"minecraft:blast_furnace":1,"minecraft:chest":2,"minecraft:tall_grass":1,"minecraft:copper_ore":7,"minecraft:cobblestone":10,"minecraft:lapis_ore":1,"minecraft:oak_planks":6,"minecraft:diorite":2,"minecraft:wall_torch":3,"minecraft:seagrass":1,"minecraft:spruce_log":7,"minecraft:grass":5,"minecraft:oak_log":32,"minecraft:coal_ore":260,"minecraft:gravel":2,"minecraft:dirt":53,"minecraft:cobweb":8,"minecraft:gold_ore":11,"minecraft:oak_leaves":8,"minecraft:deepslate":17},"minecraft:killed":{"alexsmobs:tasmanian_devil":1,"minecraft:skeleton":3,"minecraft:horse":7,"minecraft:chicken":1,"alexsmobs:bison":2,"alexsmobs:seal":1,"minecraft:sheep":9,"minecraft:zombie":4,"alexsmobs:fly":1,"alexsmobs:crow":1,"minecraft:cow":4},"minecraft:used":{"minecraft:stone_sword":123,"minecraft:iron_shovel":71,"minecraft:chest":3,"minecraft:shield":56,"minecraft:iron_sword":4,"minecraft:cooked_chicken":1,"minecraft:torch":72,"minecraft:dirt":4,"minecraft:granite":1,"minecraft:wooden_axe":13,"minecraft:magma_block":1,"minecraft:furnace":3,"tombstone:gift":1,"minecraft:egg":1,"minecraft:cooked_beef":10,"minecraft:cooked_mutton":5,"minecraft:stone_pickaxe":525,"minecraft:oak_planks":12,"minecraft:wooden_pickaxe":20,"minecraft:crafting_table":12,"minecraft:blast_furnace":2,"minecraft:white_bed":3,"minecraft:smoker":1,"minecraft:bread":1,"minecraft:iron_pickaxe":412,"minecraft:gravel":2,"minecraft:stone_axe":50,"minecraft:cobblestone":20,"alexsmobs:animal_dictionary":3,"minecraft:oak_boat":2},"minecraft:custom":{"minecraft:mob_kills":32,"minecraft:interact_with_crafting_table":32,"minecraft:leave_game":6,"minecraft:time_since_death":85725,"minecraft:sprint_one_cm":194124,"minecraft:walk_one_cm":409055,"minecraft:damage_blocked_by_shield":565,"minecraft:drop":7,"minecraft:play_time":168075,"minecraft:deaths":2,"minecraft:sneak_time":3294,"minecraft:walk_under_water_one_cm":31518,"minecraft:boat_one_cm":394575,"minecraft:jump":1531,"minecraft:interact_with_blast_furnace":15,"minecraft:walk_on_water_one_cm":31024,"minecraft:total_world_time":168075,"minecraft:interact_with_furnace":30,"minecraft:sleep_in_bed":3,"minecraft:time_since_rest":9739,"minecraft:damage_taken":1780,"minecraft:damage_dealt":6452,"minecraft:swim_one_cm":20909,"minecraft:fly_one_cm":151843,"minecraft:open_chest":26,"minecraft:crouch_one_cm":5915,"tombstone:undead_killed":7,"minecraft:interact_with_smoker":7,"minecraft:fall_one_cm":18804,"minecraft:inspect_dispenser":1},"minecraft:crafted":{"minecraft:wooden_sword":1,"minecraft:oak_planks":88,"minecraft:smooth_stone":3,"minecraft:coal":420,"minecraft:cooked_chicken":1,"minecraft:furnace":3,"minecraft:blast_furnace":1,"minecraft:stone":3,"minecraft:cooked_mutton":7,"minecraft:iron_boots":1,"minecraft:stone_pickaxe":4,"minecraft:chest":1,"minecraft:smoker":1,"minecraft:cooked_beef":21,"minecraft:coal_block":29,"minecraft:crafting_table":3,"minecraft:spruce_planks":28,"minecraft:wooden_pickaxe":1,"minecraft:iron_helmet":1,"minecraft:iron_sword":1,"minecraft:stone_axe":1,"minecraft:air":0,"minecraft:oak_boat":1,"minecraft:iron_chestplate":1,"minecraft:shield":2,"minecraft:stick":40,"minecraft:iron_ingot":75,"minecraft:iron_pickaxe":2,"minecraft:wooden_axe":1,"minecraft:stone_sword":1,"minecraft:iron_shovel":1,"minecraft:iron_leggings":1,"minecraft:gold_ingot":6,"minecraft:white_bed":1,"minecraft:torch":76}},"DataVersion":3120}