{"stats":{"minecraft:picked_up":{"minecraft:magma_block":2,"minecraft:crafting_table":8,"minecraft:basalt":3,"minecraft:chicken":1,"minecraft:andesite":54,"minecraft:brown_wool":1,"minecraft:leather":13,"alexsmobs:bison_fur":1,"minecraft:oak_log":32,"ad_astra:sky_stone":5,"minecraft:string":7,"minecraft:dirt":9,"minecraft:raw_copper":5,"minecraft:bow":1,"minecraft:cobbled_deepslate":17,"minecraft:spruce_planks":2,"minecraft:iron_ingot":1,"minecraft:beef":21,"minecraft:oak_boat":4,"minecraft:coal_block":17,"minecraft:chest":2,"minecraft:oak_planks":2,"minecraft:egg":4,"minecraft:furnace":2,"minecraft:stick":2,"minecraft:raw_iron":23,"bygonenether:cobbled_blackstone":1,"minecraft:torch":1,"minecraft:white_bed":1,"minecraft:ink_sac":4,"minecraft:carrot":13,"minecraft:spruce_log":7,"minecraft:arrow":2,"minecraft:rotten_flesh":6,"minecraft:granite":15,"minecraft:mutton":14,"minecraft:coal":208,"minecraft:cobblestone":185,"minecraft:white_wool":8},"minecraft:killed_by":{"minecraft:skeleton":1,"alexsmobs:bison":1},"minecraft:custom":{"minecraft:interact_with_furnace":19,"minecraft:mob_kills":30,"minecraft:interact_with_crafting_table":16,"minecraft:leave_game":3,"minecraft:time_since_death":14227,"minecraft:sleep_in_bed":1,"minecraft:time_since_rest":13196,"minecraft:sprint_one_cm":118798,"minecraft:damage_taken":1505,"minecraft:walk_one_cm":271449,"minecraft:damage_blocked_by_shield":565,"minecraft:drop":7,"minecraft:damage_dealt":5956,"minecraft:swim_one_cm":16873,"minecraft:fly_one_cm":97823,"minecraft:open_chest":13,"minecraft:crouch_one_cm":3279,"minecraft:deaths":2,"minecraft:play_time":96577,"tombstone:undead_killed":5,"minecraft:sneak_time":2136,"minecraft:walk_under_water_one_cm":28514,"minecraft:boat_one_cm":394575,"minecraft:jump":1105,"minecraft:walk_on_water_one_cm":21696,"minecraft:total_world_time":96577,"minecraft:interact_with_smoker":5,"minecraft:inspect_dispenser":1,"minecraft:fall_one_cm":10190},"minecraft:crafted":{"minecraft:cooked_beef":21,"minecraft:wooden_sword":1,"minecraft:oak_planks":88,"minecraft:crafting_table":2,"minecraft:spruce_planks":28,"minecraft:wooden_pickaxe":1,"minecraft:cooked_chicken":1,"minecraft:furnace":2,"minecraft:stone_axe":1,"minecraft:cooked_mutton":7,"minecraft:air":0,"minecraft:oak_boat":1,"minecraft:shield":1,"minecraft:stick":28,"minecraft:iron_ingot":1,"minecraft:stone_pickaxe":4,"minecraft:wooden_axe":1,"minecraft:stone_sword":1,"minecraft:white_bed":1,"minecraft:torch":32,"minecraft:smoker":1},"minecraft:used":{"minecraft:cooked_mutton":5,"minecraft:stone_sword":118,"minecraft:stone_pickaxe":451,"minecraft:oak_planks":12,"minecraft:chest":1,"minecraft:shield":56,"minecraft:wooden_pickaxe":20,"minecraft:cooked_chicken":1,"minecraft:torch":16,"minecraft:dirt":4,"minecraft:crafting_table":9,"minecraft:white_bed":2,"minecraft:smoker":1,"minecraft:wooden_axe":13,"minecraft:stone_axe":47,"minecraft:magma_block":1,"minecraft:furnace":1,"tombstone:gift":1,"minecraft:oak_boat":2,"alexsmobs:animal_dictionary":3,"minecraft:egg":1,"minecraft:cooked_beef":6},"minecraft:broken":{"minecraft:stone_pickaxe":3,"minecraft:shield":1},"minecraft:killed":{"alexsmobs:seal":1,"alexsmobs:tasmanian_devil":1,"minecraft:horse":7,"minecraft:skeleton":2,"minecraft:sheep":9,"minecraft:zombie":3,"minecraft:chicken":1,"alexsmobs:bison":2,"alexsmobs:fly":1,"alexsmobs:crow":1,"minecraft:cow":4},"minecraft:mined":{"minecraft:white_bed":1,"minecraft:blackstone":1,"farmersdelight:wild_carrots":13,"minecraft:basalt":3,"minecraft:crafting_table":8,"minecraft:granite":15,"minecraft:grass_block":2,"minecraft:chest":2,"minecraft:copper_ore":1,"minecraft:coal_block":17,"minecraft:tall_grass":1,"minecraft:oak_planks":6,"minecraft:wall_torch":1,"minecraft:seagrass":1,"minecraft:magma_block":2,"minecraft:furnace":1,"minecraft:iron_ore":23,"minecraft:spruce_log":7,"minecraft:andesite":53,"minecraft:grass":5,"minecraft:oak_log":32,"minecraft:coal_ore":143,"minecraft:dirt":7,"minecraft:cobweb":7,"minecraft:stone":183,"ad_astra:sky_stone":4,"minecraft:oak_leaves":8,"minecraft:deepslate":17},"minecraft:dropped":{"minecraft:cobblestone":6,"minecraft:cooked_mutton":2,"bygonenether:cobbled_blackstone":1,"minecraft:oak_boat":2,"minecraft:basalt":3}},"DataVersion":3120}