{"stats":{"minecraft:picked_up":{"minecraft:crafting_table":6,"minecraft:basalt":3,"minecraft:chicken":1,"minecraft:andesite":54,"minecraft:brown_wool":1,"minecraft:leather":7,"minecraft:oak_log":32,"ad_astra:sky_stone":5,"minecraft:dirt":5,"minecraft:bow":1,"minecraft:cobbled_deepslate":17,"minecraft:spruce_planks":2,"minecraft:iron_ingot":1,"minecraft:beef":8,"minecraft:oak_boat":2,"minecraft:coal_block":17,"minecraft:chest":1,"minecraft:oak_planks":2,"minecraft:egg":1,"minecraft:furnace":1,"minecraft:stick":2,"minecraft:raw_iron":1,"bygonenether:cobbled_blackstone":1,"minecraft:spruce_log":7,"minecraft:rotten_flesh":2,"minecraft:granite":15,"minecraft:mutton":14,"minecraft:coal":106,"minecraft:cobblestone":130,"minecraft:white_wool":8},"minecraft:custom":{"minecraft:interact_with_furnace":10,"minecraft:mob_kills":25,"minecraft:interact_with_crafting_table":11,"minecraft:leave_game":3,"minecraft:time_since_death":60577,"minecraft:time_since_rest":60577,"minecraft:sprint_one_cm":44413,"minecraft:damage_taken":685,"minecraft:walk_one_cm":203053,"minecraft:damage_blocked_by_shield":50,"minecraft:drop":5,"minecraft:damage_dealt":3945,"minecraft:swim_one_cm":2537,"minecraft:fly_one_cm":26817,"minecraft:open_chest":2,"minecraft:crouch_one_cm":3278,"minecraft:play_time":60577,"tombstone:undead_killed":4,"minecraft:sneak_time":1242,"minecraft:walk_under_water_one_cm":7007,"minecraft:boat_one_cm":94438,"minecraft:jump":648,"minecraft:walk_on_water_one_cm":9320,"minecraft:total_world_time":60577,"minecraft:interact_with_smoker":4,"minecraft:inspect_dispenser":1,"minecraft:fall_one_cm":2388},"minecraft:crafted":{"minecraft:cooked_beef":2,"minecraft:wooden_sword":1,"minecraft:oak_planks":88,"minecraft:crafting_table":2,"minecraft:spruce_planks":28,"minecraft:wooden_pickaxe":1,"minecraft:cooked_chicken":1,"minecraft:furnace":2,"minecraft:stone_axe":1,"minecraft:cooked_mutton":7,"minecraft:air":0,"minecraft:oak_boat":1,"minecraft:shield":1,"minecraft:stick":28,"minecraft:iron_ingot":1,"minecraft:stone_pickaxe":3,"minecraft:wooden_axe":1,"minecraft:stone_sword":1,"minecraft:torch":32,"minecraft:smoker":1},"minecraft:used":{"minecraft:cooked_mutton":4,"minecraft:stone_sword":81,"minecraft:stone_pickaxe":321,"minecraft:oak_planks":12,"minecraft:shield":4,"minecraft:wooden_pickaxe":20,"minecraft:cooked_chicken":1,"minecraft:torch":5,"minecraft:crafting_table":7,"minecraft:smoker":1,"minecraft:wooden_axe":13,"minecraft:stone_axe":36,"minecraft:furnace":1,"minecraft:oak_boat":1,"alexsmobs:animal_dictionary":3,"minecraft:egg":1,"minecraft:cooked_beef":2},"minecraft:broken":{"minecraft:stone_pickaxe":2},"minecraft:killed":{"alexsmobs:seal":1,"alexsmobs:tasmanian_devil":1,"minecraft:horse":3,"minecraft:skeleton":1,"minecraft:sheep":9,"minecraft:zombie":3,"minecraft:chicken":1,"alexsmobs:fly":1,"alexsmobs:crow":1,"minecraft:cow":4},"minecraft:mined":{"minecraft:blackstone":1,"minecraft:basalt":3,"minecraft:crafting_table":6,"minecraft:granite":15,"minecraft:chest":1,"minecraft:coal_block":17,"minecraft:tall_grass":1,"minecraft:oak_planks":4,"minecraft:furnace":1,"minecraft:iron_ore":1,"minecraft:spruce_log":7,"minecraft:andesite":53,"minecraft:grass":3,"minecraft:oak_log":32,"minecraft:coal_ore":93,"minecraft:dirt":5,"minecraft:stone":134,"ad_astra:sky_stone":4,"minecraft:oak_leaves":7,"minecraft:deepslate":17},"minecraft:dropped":{"minecraft:cooked_mutton":2,"bygonenether:cobbled_blackstone":1,"minecraft:oak_boat":1,"minecraft:basalt":3}},"DataVersion":3120}