{"stats":{"minecraft:picked_up":{"minecraft:crafting_table":7,"minecraft:basalt":3,"minecraft:chicken":1,"minecraft:andesite":54,"minecraft:brown_wool":1,"minecraft:leather":13,"alexsmobs:bison_fur":1,"minecraft:oak_log":32,"ad_astra:sky_stone":5,"minecraft:dirt":5,"minecraft:raw_copper":5,"minecraft:bow":1,"minecraft:cobbled_deepslate":17,"minecraft:spruce_planks":2,"minecraft:iron_ingot":1,"minecraft:beef":21,"minecraft:oak_boat":3,"minecraft:coal_block":17,"minecraft:chest":1,"minecraft:oak_planks":2,"minecraft:egg":3,"minecraft:furnace":2,"minecraft:stick":2,"minecraft:raw_iron":1,"bygonenether:cobbled_blackstone":1,"minecraft:white_bed":1,"minecraft:ink_sac":2,"minecraft:carrot":13,"minecraft:spruce_log":7,"minecraft:arrow":2,"minecraft:rotten_flesh":6,"minecraft:granite":15,"minecraft:mutton":14,"minecraft:coal":158,"minecraft:cobblestone":160,"minecraft:white_wool":8},"minecraft:killed_by":{"minecraft:skeleton":1,"alexsmobs:bison":1},"minecraft:custom":{"minecraft:interact_with_furnace":19,"minecraft:mob_kills":30,"minecraft:interact_with_crafting_table":15,"minecraft:leave_game":3,"minecraft:time_since_death":2227,"minecraft:sleep_in_bed":1,"minecraft:time_since_rest":1196,"minecraft:sprint_one_cm":109121,"minecraft:damage_taken":1285,"minecraft:walk_one_cm":247845,"minecraft:damage_blocked_by_shield":565,"minecraft:drop":7,"minecraft:damage_dealt":5956,"minecraft:swim_one_cm":2537,"minecraft:fly_one_cm":90856,"minecraft:open_chest":12,"minecraft:crouch_one_cm":3278,"minecraft:deaths":2,"minecraft:play_time":84577,"tombstone:undead_killed":5,"minecraft:sneak_time":1246,"minecraft:walk_under_water_one_cm":9279,"minecraft:boat_one_cm":369311,"minecraft:jump":994,"minecraft:walk_on_water_one_cm":12917,"minecraft:total_world_time":84577,"minecraft:interact_with_smoker":5,"minecraft:inspect_dispenser":1,"minecraft:fall_one_cm":8617},"minecraft:crafted":{"minecraft:cooked_beef":21,"minecraft:wooden_sword":1,"minecraft:oak_planks":88,"minecraft:crafting_table":2,"minecraft:spruce_planks":28,"minecraft:wooden_pickaxe":1,"minecraft:cooked_chicken":1,"minecraft:furnace":2,"minecraft:stone_axe":1,"minecraft:cooked_mutton":7,"minecraft:air":0,"minecraft:oak_boat":1,"minecraft:shield":1,"minecraft:stick":28,"minecraft:iron_ingot":1,"minecraft:stone_pickaxe":3,"minecraft:wooden_axe":1,"minecraft:stone_sword":1,"minecraft:white_bed":1,"minecraft:torch":32,"minecraft:smoker":1},"minecraft:used":{"minecraft:cooked_mutton":5,"minecraft:stone_sword":111,"minecraft:stone_pickaxe":346,"minecraft:oak_planks":12,"minecraft:chest":1,"minecraft:shield":56,"minecraft:wooden_pickaxe":20,"minecraft:cooked_chicken":1,"minecraft:torch":8,"minecraft:crafting_table":8,"minecraft:white_bed":2,"minecraft:smoker":1,"minecraft:wooden_axe":13,"minecraft:stone_axe":45,"minecraft:furnace":1,"tombstone:gift":1,"minecraft:oak_boat":1,"alexsmobs:animal_dictionary":3,"minecraft:egg":1,"minecraft:cooked_beef":4},"minecraft:broken":{"minecraft:stone_pickaxe":2,"minecraft:shield":1},"minecraft:killed":{"alexsmobs:seal":1,"alexsmobs:tasmanian_devil":1,"minecraft:horse":7,"minecraft:skeleton":2,"minecraft:sheep":9,"minecraft:zombie":3,"minecraft:chicken":1,"alexsmobs:bison":2,"alexsmobs:fly":1,"alexsmobs:crow":1,"minecraft:cow":4},"minecraft:mined":{"minecraft:white_bed":1,"minecraft:blackstone":1,"farmersdelight:wild_carrots":13,"minecraft:basalt":3,"minecraft:crafting_table":7,"minecraft:granite":15,"minecraft:chest":1,"minecraft:copper_ore":1,"minecraft:coal_block":17,"minecraft:tall_grass":1,"minecraft:oak_planks":6,"minecraft:furnace":1,"minecraft:iron_ore":1,"minecraft:spruce_log":7,"minecraft:andesite":53,"minecraft:grass":5,"minecraft:oak_log":32,"minecraft:coal_ore":93,"minecraft:dirt":5,"minecraft:stone":158,"ad_astra:sky_stone":4,"minecraft:oak_leaves":7,"minecraft:deepslate":17},"minecraft:dropped":{"minecraft:cobblestone":6,"minecraft:cooked_mutton":2,"bygonenether:cobbled_blackstone":1,"minecraft:oak_boat":2,"minecraft:basalt":3}},"DataVersion":3120}