{"stats":{"minecraft:picked_up":{"minecraft:raw_iron":1,"minecraft:stick":2,"minecraft:crafting_table":3,"minecraft:chicken":1,"minecraft:leather":3,"minecraft:brown_wool":1,"minecraft:oak_log":28,"minecraft:spruce_log":7,"minecraft:bow":1,"minecraft:granite":5,"minecraft:beef":8,"minecraft:oak_planks":2,"minecraft:furnace":1,"minecraft:mutton":14,"minecraft:coal":32,"minecraft:white_wool":8,"minecraft:cobblestone":86,"minecraft:egg":1},"minecraft:custom":{"minecraft:interact_with_furnace":10,"minecraft:time_since_rest":36577,"minecraft:sprint_one_cm":23766,"minecraft:damage_taken":295,"minecraft:walk_one_cm":130874,"minecraft:mob_kills":18,"minecraft:damage_dealt":1730,"minecraft:interact_with_crafting_table":8,"minecraft:fly_one_cm":4585,"minecraft:crouch_one_cm":1375,"minecraft:play_time":36577,"tombstone:undead_killed":1,"minecraft:sneak_time":374,"minecraft:walk_under_water_one_cm":553,"minecraft:jump":213,"minecraft:leave_game":3,"minecraft:time_since_death":36577,"minecraft:walk_on_water_one_cm":3412,"minecraft:interact_with_smoker":4,"minecraft:total_world_time":36577,"minecraft:fall_one_cm":627},"minecraft:crafted":{"minecraft:cooked_beef":2,"minecraft:wooden_sword":1,"minecraft:oak_planks":88,"minecraft:shield":1,"minecraft:crafting_table":2,"minecraft:spruce_planks":28,"minecraft:stick":24,"minecraft:iron_ingot":1,"minecraft:wooden_pickaxe":1,"minecraft:cooked_chicken":1,"minecraft:stone_pickaxe":1,"minecraft:wooden_axe":1,"minecraft:stone_sword":1,"minecraft:furnace":2,"minecraft:torch":4,"minecraft:stone_axe":1,"minecraft:cooked_mutton":7,"minecraft:air":0,"minecraft:smoker":1},"minecraft:used":{"minecraft:wooden_axe":13,"minecraft:stone_sword":30,"minecraft:stone_pickaxe":96,"minecraft:oak_planks":7,"minecraft:wooden_pickaxe":20,"minecraft:cooked_chicken":1,"minecraft:torch":4,"minecraft:stone_axe":28,"minecraft:crafting_table":4,"minecraft:furnace":1,"alexsmobs:animal_dictionary":3,"minecraft:egg":1,"minecraft:cooked_beef":1,"minecraft:smoker":1},"minecraft:mined":{"minecraft:furnace":1,"minecraft:iron_ore":1,"minecraft:spruce_log":7,"minecraft:crafting_table":3,"minecraft:granite":8,"minecraft:grass":3,"minecraft:coal_ore":15,"minecraft:oak_log":28,"minecraft:tall_grass":1,"minecraft:stone":90,"minecraft:oak_planks":4,"minecraft:oak_leaves":2},"minecraft:killed":{"minecraft:sheep":9,"minecraft:skeleton":1,"minecraft:chicken":1,"alexsmobs:seal":1,"alexsmobs:crow":1,"alexsmobs:tasmanian_devil":1,"minecraft:cow":4}},"DataVersion":3120}