{"stats":{"minecraft:picked_up":{"minecraft:magma_block":2,"minecraft:crafting_table":9,"minecraft:basalt":3,"minecraft:chicken":1,"minecraft:andesite":54,"minecraft:brown_wool":1,"minecraft:leather":13,"alexsmobs:bison_fur":1,"minecraft:oak_log":32,"ad_astra:sky_stone":5,"minecraft:lapis_lazuli":7,"minecraft:dirt":9,"minecraft:string":8,"minecraft:raw_copper":29,"minecraft:bone":2,"minecraft:bow":1,"minecraft:cobbled_deepslate":17,"minecraft:raw_gold":11,"minecraft:spruce_planks":2,"minecraft:iron_ingot":2,"minecraft:beef":21,"minecraft:oak_boat":4,"minecraft:coal_block":17,"minecraft:chest":2,"minecraft:oak_planks":11,"minecraft:furnace":3,"minecraft:egg":4,"minecraft:stick":2,"minecraft:raw_iron":76,"bygonenether:cobbled_blackstone":1,"minecraft:oak_fence":4,"minecraft:torch":4,"minecraft:white_bed":1,"tombstone:grave_dust":1,"minecraft:ink_sac":4,"minecraft:blast_furnace":1,"minecraft:spruce_log":7,"minecraft:carrot":13,"minecraft:arrow":2,"minecraft:rotten_flesh":6,"minecraft:granite":16,"minecraft:mutton":14,"minecraft:coal":354,"minecraft:white_wool":8,"minecraft:rail":2,"minecraft:cobblestone":237},"minecraft:broken":{"minecraft:stone_pickaxe":4,"minecraft:shield":1,"minecraft:stone_sword":1},"minecraft:killed_by":{"minecraft:skeleton":1,"alexsmobs:bison":1},"minecraft:dropped":{"minecraft:cobblestone":6,"minecraft:cooked_mutton":2,"bygonenether:cobbled_blackstone":1,"minecraft:oak_boat":2,"minecraft:basalt":3},"minecraft:mined":{"minecraft:white_bed":1,"minecraft:blackstone":1,"farmersdelight:wild_carrots":13,"minecraft:basalt":3,"minecraft:crafting_table":9,"minecraft:granite":30,"minecraft:blast_furnace":1,"minecraft:grass_block":2,"minecraft:chest":2,"minecraft:coal_block":17,"minecraft:copper_ore":7,"minecraft:tall_grass":1,"minecraft:cobblestone":2,"minecraft:lapis_ore":1,"minecraft:oak_planks":6,"minecraft:diorite":2,"minecraft:wall_torch":3,"minecraft:seagrass":1,"minecraft:magma_block":2,"minecraft:furnace":2,"minecraft:iron_ore":76,"minecraft:spruce_log":7,"minecraft:andesite":53,"minecraft:grass":5,"minecraft:coal_ore":257,"minecraft:oak_log":32,"minecraft:rail":2,"minecraft:dirt":7,"minecraft:cobweb":8,"minecraft:stone":255,"ad_astra:sky_stone":4,"minecraft:gold_ore":11,"minecraft:oak_leaves":8,"minecraft:deepslate":17},"minecraft:killed":{"alexsmobs:seal":1,"alexsmobs:tasmanian_devil":1,"minecraft:sheep":9,"minecraft:horse":7,"minecraft:skeleton":3,"minecraft:zombie":4,"minecraft:chicken":1,"alexsmobs:crow":1,"alexsmobs:bison":2,"alexsmobs:fly":1,"minecraft:cow":4},"minecraft:used":{"minecraft:cooked_mutton":5,"minecraft:stone_sword":123,"minecraft:stone_pickaxe":525,"minecraft:oak_planks":12,"minecraft:chest":1,"minecraft:wooden_pickaxe":20,"minecraft:shield":56,"minecraft:iron_sword":4,"minecraft:cooked_chicken":1,"minecraft:torch":68,"minecraft:dirt":4,"minecraft:blast_furnace":1,"minecraft:crafting_table":10,"minecraft:white_bed":2,"minecraft:granite":1,"minecraft:smoker":1,"minecraft:wooden_axe":13,"minecraft:iron_pickaxe":207,"minecraft:magma_block":1,"minecraft:stone_axe":49,"minecraft:cobblestone":18,"minecraft:furnace":2,"tombstone:gift":1,"minecraft:oak_boat":2,"alexsmobs:animal_dictionary":3,"minecraft:egg":1,"minecraft:cooked_beef":9},"minecraft:custom":{"minecraft:interact_with_furnace":26,"minecraft:mob_kills":32,"minecraft:interact_with_crafting_table":25,"minecraft:leave_game":5,"minecraft:time_since_death":50603,"minecraft:sleep_in_bed":1,"minecraft:time_since_rest":49572,"minecraft:sprint_one_cm":170773,"minecraft:damage_taken":1670,"minecraft:walk_one_cm":367077,"minecraft:damage_blocked_by_shield":565,"minecraft:drop":7,"minecraft:damage_dealt":6452,"minecraft:swim_one_cm":20909,"minecraft:fly_one_cm":130940,"minecraft:play_time":132953,"minecraft:open_chest":16,"minecraft:crouch_one_cm":4701,"minecraft:sneak_time":2923,"tombstone:undead_killed":7,"minecraft:deaths":2,"minecraft:walk_under_water_one_cm":31518,"minecraft:boat_one_cm":394575,"minecraft:jump":1399,"minecraft:interact_with_blast_furnace":10,"minecraft:walk_on_water_one_cm":31024,"minecraft:total_world_time":132953,"minecraft:interact_with_smoker":6,"minecraft:inspect_dispenser":1,"minecraft:fall_one_cm":14004},"minecraft:crafted":{"minecraft:cooked_beef":21,"minecraft:coal_block":29,"minecraft:wooden_sword":1,"minecraft:smooth_stone":3,"minecraft:oak_planks":88,"minecraft:crafting_table":2,"minecraft:spruce_planks":28,"minecraft:cooked_chicken":1,"minecraft:iron_helmet":1,"minecraft:wooden_pickaxe":1,"minecraft:iron_sword":1,"minecraft:furnace":2,"minecraft:blast_furnace":1,"minecraft:stone":3,"minecraft:stone_axe":1,"minecraft:cooked_mutton":7,"minecraft:air":0,"minecraft:oak_boat":1,"minecraft:iron_boots":1,"minecraft:iron_chestplate":1,"minecraft:shield":2,"minecraft:stick":36,"minecraft:iron_ingot":40,"minecraft:iron_pickaxe":1,"minecraft:stone_pickaxe":4,"minecraft:wooden_axe":1,"minecraft:stone_sword":1,"minecraft:iron_leggings":1,"minecraft:white_bed":1,"minecraft:torch":76,"minecraft:smoker":1}},"DataVersion":3120}