{"stats":{"minecraft:picked_up":{"minecraft:crafting_table":1,"minecraft:brown_wool":1,"minecraft:oak_log":6,"minecraft:spruce_log":7,"minecraft:mutton":1,"minecraft:egg":1},"minecraft:custom":{"minecraft:time_since_rest":12577,"minecraft:play_time":12577,"minecraft:sprint_one_cm":21373,"minecraft:damage_taken":105,"minecraft:walk_one_cm":19974,"minecraft:sneak_time":14,"minecraft:mob_kills":1,"minecraft:jump":54,"minecraft:damage_dealt":80,"minecraft:walk_on_water_one_cm":1330,"minecraft:leave_game":3,"minecraft:time_since_death":12577,"minecraft:total_world_time":12577,"minecraft:interact_with_crafting_table":2,"minecraft:fly_one_cm":4044},"minecraft:crafted":{"minecraft:wooden_sword":1,"minecraft:crafting_table":1,"minecraft:spruce_planks":28,"minecraft:stick":8,"minecraft:wooden_pickaxe":1,"minecraft:wooden_axe":1},"minecraft:used":{"minecraft:wooden_axe":7,"minecraft:crafting_table":2,"alexsmobs:animal_dictionary":1,"minecraft:egg":1},"minecraft:killed":{"minecraft:sheep":1},"minecraft:mined":{"minecraft:grass":3,"minecraft:oak_log":6,"minecraft:spruce_log":7,"minecraft:oak_leaves":1,"minecraft:crafting_table":1}},"DataVersion":3120}