{"stats":{"minecraft:picked_up":{"minecraft:raw_iron":1,"minecraft:stick":2,"minecraft:crafting_table":3,"minecraft:chicken":1,"minecraft:leather":3,"minecraft:brown_wool":1,"minecraft:oak_log":28,"minecraft:spruce_log":7,"minecraft:bow":1,"minecraft:beef":8,"minecraft:mutton":14,"minecraft:coal":15,"minecraft:white_wool":8,"minecraft:cobblestone":20,"minecraft:egg":1},"minecraft:custom":{"minecraft:interact_with_furnace":4,"minecraft:time_since_rest":24577,"minecraft:sprint_one_cm":23766,"minecraft:damage_taken":185,"minecraft:walk_one_cm":114478,"minecraft:mob_kills":18,"minecraft:damage_dealt":1730,"minecraft:interact_with_crafting_table":4,"minecraft:fly_one_cm":4449,"minecraft:crouch_one_cm":1241,"minecraft:play_time":24577,"tombstone:undead_killed":1,"minecraft:sneak_time":259,"minecraft:walk_under_water_one_cm":553,"minecraft:jump":175,"minecraft:leave_game":3,"minecraft:time_since_death":24577,"minecraft:walk_on_water_one_cm":3412,"minecraft:total_world_time":24577,"minecraft:fall_one_cm":627},"minecraft:crafted":{"minecraft:wooden_sword":1,"minecraft:oak_planks":88,"minecraft:crafting_table":2,"minecraft:spruce_planks":28,"minecraft:stick":24,"minecraft:wooden_pickaxe":1,"minecraft:cooked_chicken":1,"minecraft:stone_pickaxe":1,"minecraft:wooden_axe":1,"minecraft:stone_sword":1,"minecraft:furnace":1,"minecraft:torch":4,"minecraft:stone_axe":1,"minecraft:air":0},"minecraft:used":{"minecraft:wooden_axe":13,"minecraft:stone_sword":30,"minecraft:stone_pickaxe":19,"minecraft:oak_planks":5,"minecraft:wooden_pickaxe":20,"minecraft:stone_axe":26,"minecraft:crafting_table":4,"minecraft:furnace":1,"alexsmobs:animal_dictionary":3,"minecraft:egg":1},"minecraft:mined":{"minecraft:iron_ore":1,"minecraft:spruce_log":7,"minecraft:crafting_table":3,"minecraft:grass":3,"minecraft:coal_ore":15,"minecraft:oak_log":28,"minecraft:tall_grass":1,"minecraft:stone":22,"minecraft:oak_planks":2,"minecraft:oak_leaves":2},"minecraft:killed":{"minecraft:sheep":9,"minecraft:skeleton":1,"minecraft:chicken":1,"alexsmobs:seal":1,"alexsmobs:crow":1,"alexsmobs:tasmanian_devil":1,"minecraft:cow":4}},"DataVersion":3120}