{
  "farmersdelight:main/root": {
    "criteria": {
      "seeds": "2024-06-24 18:15:30 +0000"
    },
    "done": true
  },
  "minecraft:recipes/food/cooked_chicken_from_smoking": {
    "criteria": {
      "has_chicken": "2024-06-24 18:36:35 +0000"
    },
    "done": true
  },
  "aether:recipes/combat/golden_dart": {
    "criteria": {
      "has_feather": "2024-06-24 18:36:35 +0000"
    },
    "done": true
  },
  "dnl:entity/guardian_ghast/hurt": {
    "criteria": {
      "not_projectile": "2024-06-24 18:17:51 +0000"
    },
    "done": false
  },
  "minecraft:recipes/transportation/dark_oak_boat": {
    "criteria": {
      "in_water": "2024-06-24 18:17:23 +0000"
    },
    "done": true
  },
  "farmersdelight:recipes/farmersdelight/cooking/chicken_soup": {
    "criteria": {
      "has_any_ingredient": "2024-06-24 18:36:35 +0000"
    },
    "done": true
  },
  "tombstone:adventure/root": {
    "criteria": {
      "auto": "2024-06-24 18:15:32 +0000"
    },
    "done": true
  },
  "cataclysm:root": {
    "criteria": {
      "custom_test_name": "2024-06-24 18:15:31 +0000"
    },
    "done": true
  },
  "minecraft:recipes/food/cake": {
    "criteria": {
      "has_egg": "2024-06-24 18:36:31 +0000"
    },
    "done": true
  },
  "aether:recipes/transportation/skyroot_boat": {
    "criteria": {
      "in_water": "2024-06-24 18:17:23 +0000"
    },
    "done": true
  },
  "dungeons_arise:wda_root": {
    "criteria": {
      "WDA": "2024-06-24 18:15:31 +0000"
    },
    "done": true
  },
  "farmersdelight:recipes/farmersdelight/fried_egg_from_campfire_cooking": {
    "criteria": {
      "fried_egg": "2024-06-24 18:36:31 +0000"
    },
    "done": true
  },
  "endergetic:recipes/transportation/poise_boat": {
    "criteria": {
      "in_water": "2024-06-24 18:17:23 +0000"
    },
    "done": true
  },
  "minecraft:husbandry/balanced_diet": {
    "criteria": {
      "chicken": "2024-06-24 18:36:38 +0000"
    },
    "done": false
  },
  "farmersdelight:recipes/farmersdelight/cooking/fried_rice": {
    "criteria": {
      "has_any_ingredient": "2024-06-24 18:36:31 +0000"
    },
    "done": true
  },
  "minecraft:recipes/food/cooked_chicken_from_campfire_cooking": {
    "criteria": {
      "has_chicken": "2024-06-24 18:36:35 +0000"
    },
    "done": true
  },
  "minecraft:adventure/adventuring_time": {
    "criteria": {
      "minecraft:river": "2024-06-24 18:36:57 +0000",
      "minecraft:stony_shore": "2024-06-24 18:15:32 +0000",
      "minecraft:plains": "2024-06-24 18:15:55 +0000"
    },
    "done": false
  },
  "minecraft:recipes/food/cooked_chicken_from_grill_cooking": {
    "criteria": {
      "has_chicken": "2024-06-24 18:36:35 +0000"
    },
    "done": true
  },
  "minecraft:husbandry/root": {
    "criteria": {
      "consumed_item": "2024-06-24 18:16:02 +0000"
    },
    "done": true
  },
  "farmersdelight:recipes/farmersdelight/cooking/baked_cod_stew": {
    "criteria": {
      "has_any_ingredient": "2024-06-24 18:36:31 +0000"
    },
    "done": true
  },
  "minecraft:recipes/transportation/birch_boat": {
    "criteria": {
      "in_water": "2024-06-24 18:17:23 +0000"
    },
    "done": true
  },
  "minecraft:recipes/transportation/mangrove_boat": {
    "criteria": {
      "in_water": "2024-06-24 18:17:23 +0000"
    },
    "done": true
  },
  "alexsmobs:alexsmobs/root": {
    "criteria": {
      "useitem": "2024-06-24 18:16:02 +0000"
    },
    "done": true
  },
  "farmersdelight:recipes/farmersdelight/fried_egg_from_smoking": {
    "criteria": {
      "fried_egg": "2024-06-24 18:36:31 +0000"
    },
    "done": true
  },
  "minecraft:recipes/misc/red_dye_from_poppy": {
    "criteria": {
      "has_poppy": "2024-06-24 18:16:38 +0000"
    },
    "done": true
  },
  "minecraft:recipes/food/cooked_chicken": {
    "criteria": {
      "has_chicken": "2024-06-24 18:36:35 +0000"
    },
    "done": true
  },
  "minecraft:recipes/transportation/acacia_boat": {
    "criteria": {
      "in_water": "2024-06-24 18:17:23 +0000"
    },
    "done": true
  },
  "minecraft:recipes/transportation/oak_boat": {
    "criteria": {
      "in_water": "2024-06-24 18:17:23 +0000"
    },
    "done": true
  },
  "minecraft:recipes/combat/arrow": {
    "criteria": {
      "has_feather": "2024-06-24 18:36:35 +0000"
    },
    "done": true
  },
  "aether:recipes/food/skyroot_milk_bucket_cake": {
    "criteria": {
      "has_egg": "2024-06-24 18:36:31 +0000"
    },
    "done": true
  },
  "minecraft:adventure/root": {
    "criteria": {
      "killed_something": "2024-06-24 18:36:35 +0000"
    },
    "done": true
  },
  "mowziesmobs:root": {
    "criteria": {
      "custom_test_name": "2024-06-24 18:15:31 +0000"
    },
    "done": true
  },
  "minecraft:recipes/transportation/jungle_boat": {
    "criteria": {
      "in_water": "2024-06-24 18:17:23 +0000"
    },
    "done": true
  },
  "minecraft:recipes/transportation/spruce_boat": {
    "criteria": {
      "in_water": "2024-06-24 18:17:23 +0000"
    },
    "done": true
  },
  "farmersdelight:recipes/farmersdelight/fried_egg": {
    "criteria": {
      "fried_egg": "2024-06-24 18:36:31 +0000"
    },
    "done": true
  },
  "DataVersion": 3120
}